constraints,local_time,ark_local_time,mpc_time
1,0.009335,0.005531,0.097620600000000002
3,0.007826,0.012374,0.099556599999999995
10,0.011941,0.01195,0.12622620000000001
30,0.02061,0.019934,0.11834340000000002
100,0.050395,0.049644,0.16853279999999998
300,0.129295,0.128323,0.27551479999999995
1000,0.249513,0.248507,0.41852159999999994
3000,0.68016,0.68066,0.84850059999999983
10000,1.819,1.812,2.2935999999999996
30000,4.4,4.401,4.6348000000000003
100000,13.174,13.473,13.607400000000002
